Name,,,Principal,Phone Number,Email
,,,,,
"CollegeofDairyScience&Technology,Kolahalamedu,Idukki(CDI)",code_set.php?code=Q0RJ,https://cee.kerala.gov.in/collegelist/main/code_set.php?code=Q0RJ,DRDINKERSINGH,9188749016,spocdstklmd@kvasu.ac.in
,,,,,
"CollegeofDairyScienceandTechnology,Pookode(CDP)",code_set.php?code=Q0RQ,https://cee.kerala.gov.in/collegelist/main/code_set.php?code=Q0RQ,SMT.ARCHANACHANDRAN,4936255964,spobtechpkd@kvasu.ac.in
,,,,,
"CollegeofDairyScienceandTechnology,Thrissur(CDT)",code_set.php?code=Q0RU,https://cee.kerala.gov.in/collegelist/main/code_set.php?code=Q0RU,DR.P.SUDHEERBABU,4872372861,deancdstmty@kvasu.ac.in
,,,,,
"CollegeofDairyScienceandTechnology,Thiruvananthapuram(CDV)",code_set.php?code=Q0RW,https://cee.kerala.gov.in/collegelist/main/code_set.php?code=Q0RW,BEENARL,4712491288,officecdsttvm@kvasu.ac.in
,,,,,
"CollegeofFoodTechnology,Chalakkudy(CFT)",code_set.php?code=Q0ZU,https://cee.kerala.gov.in/collegelist/main/code_set.php?code=Q0ZU,DRSNRAJAKUMAR,4802748016,cfttmzy@kvasu.ac.in
,,,,,
"KUFOS,SchoolofOceanEngineeringandUnderwaterTechnology,Ernakulam(COU)",code_set.php?code=Q09V,https://cee.kerala.gov.in/collegelist/main/code_set.php?code=Q09V,DR.VMVICTORGEORGE,4842703782,registrar@kufos.ac.in
,,,,,
"GovernmentEngineeringCollege,Idukki(IDK)",code_set.php?code=SURL,https://cee.kerala.gov.in/collegelist/main/code_set.php?code=SURL,DRSUMESHDIVAKARAN,04862-233250,principal@gecidukki.ac.in
,,,,,
"KelappajiCollegeofAgriculturalEngineeringandTechnology,Tavanur(KCT)",code_set.php?code=S0NU,https://cee.kerala.gov.in/collegelist/main/code_set.php?code=S0NU,DR.SATHIANK.K.,4942686214,deanengg@kau.in
,,,,,
"GovernmentEngineeringCollege,Kozhikkode(KKE)",code_set.php?code=S0tF,https://cee.kerala.gov.in/collegelist/main/code_set.php?code=S0tF,DR.SHEEBAVS,4952383210,principal@geckkd.ac.in
,,,,,
"GovernmentCollegeofEngineering,Kannur(KNR)",code_set.php?code=S05S,https://cee.kerala.gov.in/collegelist/main/code_set.php?code=S05S,DR.C.SREEKUMAR,4972780227,principal@gcek.ac.in
,,,,,
"GovernmentRajivGandhiInstituteofTechnology,Kottayam(KTE)",code_set.php?code=S1RF,https://cee.kerala.gov.in/collegelist/main/code_set.php?code=S1RF,DR.JALAJAMJ,4812506153,principal@rit.ac.in
,,,,,
"MarAthanasiusCollegeofEngineering,Kothamangalam(MAC)",code_set.php?code=TUFD,https://cee.kerala.gov.in/collegelist/main/code_set.php?code=TUFD,DRSOLLYGEORGE,4852823383,principal@mace.ac.in
,,,,,
"NSSCollegeofEngineering,Palakkad(NSS)",code_set.php?code=TlNT,https://cee.kerala.gov.in/collegelist/main/code_set.php?code=TlNT,DR.SUDHAT,4912555900,principal@nssce.ac.in
,,,,,
"GovernmentEngineeringCollege,Palakkad(PKD)",code_set.php?code=UEtE,https://cee.kerala.gov.in/collegelist/main/code_set.php?code=UEtE,DR.PCREGHURAJ,4662260350,principal@gecskp.ac.in
,,,,,
"GovernmentEngineeringCollege,Thrissur(TCR)",code_set.php?code=VENS,https://cee.kerala.gov.in/collegelist/main/code_set.php?code=VENS,DR.JAYANANDB.,4872334590,principal@gectcr.ac.in
,,,,,
"TKMCollegeofEngineering,Kollam(TKM)",code_set.php?code=VEtN,https://cee.kerala.gov.in/collegelist/main/code_set.php?code=VEtN,DR.AYOOBS,4742712022,principal@tkmce.ac.in
,,,,,
"GovernmentEngineeringCollegeBartonHill,Thiruvananthapuram(TRV)",code_set.php?code=VFJW,https://cee.kerala.gov.in/collegelist/main/code_set.php?code=VFJW,DR.RAJASREEM.S.,4712300484,principal@gecbh.ac.in
,,,,,
"CollegeofEngineering,Thiruvananthapuram(TVE)",code_set.php?code=VFZF,https://cee.kerala.gov.in/collegelist/main/code_set.php?code=VFZF,DR.JIJIC.V,4712515502,principal@cet.ac.in
,,,,,
"GovernmentEngineeringCollege,Wayanad(WYD)",code_set.php?code=V1lE,https://cee.kerala.gov.in/collegelist/main/code_set.php?code=V1lE,DR.ABDULHAMEEDKM,4935271261,principal@gecwyd.ac.in
,,,,,
"CollegeofEngineering,Adoor(ADR)",code_set.php?code=QURS,https://cee.kerala.gov.in/collegelist/main/code_set.php?code=QURS,DR.JAYASREEVK,4734230640,principal@cea.ac.in
,,,,,
"CollegeofEngineeringofAranmula,Pathanamthitta(AEC)",code_set.php?code=QUVD,https://cee.kerala.gov.in/collegelist/main/code_set.php?code=QUVD,DR.SAJEEVVASUDEVAN,4682319131,principal@cearanmula.ac.in
,,,,,
"CollegeofEngineering,Attingal(CEA)",code_set.php?code=Q0VB,https://cee.kerala.gov.in/collegelist/main/code_set.php?code=Q0VB,DRSUNILTT,4712726400,ceattingal@ihrd.ac.in
,,,,,
"CollegeofEngineering,Cherthala(CEC)",code_set.php?code=Q0VD,https://cee.kerala.gov.in/collegelist/main/code_set.php?code=Q0VD,DR.MINIM.G,4782553416,principal@cectl.ac.in
,,,,,
"CollegeofEngineering,Kottarakkara,Kollam(CEK)",code_set.php?code=Q0VL,https://cee.kerala.gov.in/collegelist/main/code_set.php?code=Q0VL,DR.BHADRANV,4742458764,bhadranv@yahoo.co.in
,,,,,
"CollegeofEngineeringMuttathara,Thiruvananthapuram(CEM)",code_set.php?code=Q0VN,https://cee.kerala.gov.in/collegelist/main/code_set.php?code=Q0VN,PRO.DR.GLVALSALA,4712500211,principal.cemt@gmail.com
,,,,,
"CollegeofEngineering,Chengannoor(CHN)",code_set.php?code=Q0hO,https://cee.kerala.gov.in/collegelist/main/code_set.php?code=Q0hO,DR.JACOBTHOMASV,4792456046,principal@ceconline.edu
,,,,,
"CollegeofEngineeringKidangoor,KOTTAYAM(KGR)",code_set.php?code=S0dS,https://cee.kerala.gov.in/collegelist/main/code_set.php?code=S0dS,DR.K.GVISWANADHAN,4822255056,cekcape@gmail.com
,,,,,
"CollegeofEngineering,Karunagappally,Kollam(KNP)",code_set.php?code=S05Q,https://cee.kerala.gov.in/collegelist/main/code_set.php?code=S05Q,DR.JAYAVL,4762666160,principal@ceknpy.ac.in
,,,,,
"LBSCollegeofEngineering,Kasaragod(KSD)",code_set.php?code=S1NE,https://cee.kerala.gov.in/collegelist/main/code_set.php?code=S1NE,DR.MOHAMMEDSHEKOORT,4994251800,principallbscek@gmail.com
,,,,,
"LBSInstituteofTechnologyforWomen,Thiruvananthapuram(LBT)",code_set.php?code=TEJU,https://cee.kerala.gov.in/collegelist/main/code_set.php?code=TEJU,DR.JAYAMOHAN.J,4712343395,principal@lbsitw.ac.in
,,,,,
"ModelEngineeringCollege,Ernakulam(MDL)",code_set.php?code=TURM,https://cee.kerala.gov.in/collegelist/main/code_set.php?code=TURM,DR.VINUTHOMAS,4842575592,principal@mec.ac.in
,,,,,
"CollegeofEngineering,Munnar(MNR)",code_set.php?code=TU5S,https://cee.kerala.gov.in/collegelist/main/code_set.php?code=TU5S,DR.BIJUVG,4865230606,bvgpillai@gmail.com
,,,,,
"CollegeofEngineeringPathanapuram,Kollam(PEC)",code_set.php?code=UEVD,https://cee.kerala.gov.in/collegelist/main/code_set.php?code=UEVD,PROF.DRANANDARESMIS,4752022810,principal.pathanapuram@gmail.com
,,,,,
"CollegeofEngineeringPoonjar,Kottayam(PJR)",code_set.php?code=UEpS,https://cee.kerala.gov.in/collegelist/main/code_set.php?code=UEpS,DR.JAYACHANDRANES,4822271737,cepoonjar.ihrd@gmail.com
,,,,,
"CollegeofEngineeringPerumon,Kollam(PRN)",code_set.php?code=UFJO,https://cee.kerala.gov.in/collegelist/main/code_set.php?code=UFJO,DRZAZOYA,4742550400,principal@perumonec.ac.in
,,,,,
CollegeofEngineeringandManagementPunnnapra(PRP),code_set.php?code=UFJQ,https://cee.kerala.gov.in/collegelist/main/code_set.php?code=UFJQ,DR.ROOBINV.VARGHESE,4772266711,principal.cemp@gmail.com
,,,,,
"CollegeofEngineering,Kallooppara(PTA)",code_set.php?code=UFRB,https://cee.kerala.gov.in/collegelist/main/code_set.php?code=UFRB,DRDEEPAJ,4692677890,engpta@gmail.com
,,,,,
"SCTCollegeofEngineering,Thiruvananthapuram(SCT)",code_set.php?code=U0NU,https://cee.kerala.gov.in/collegelist/main/code_set.php?code=U0NU,DR.K.PRABHAKARANNAIR,4712490572,principal@sctce.ac.in
,,,,,
"CollegeofEngineering,Trikaripur(TKR)",code_set.php?code=VEtS,https://cee.kerala.gov.in/collegelist/main/code_set.php?code=VEtS,DR.VINODPOTTAKULATH,4672250977,principal@cetkr.ac.in
,,,,,
"CollegeofEngineering,Thalassery,Kannur(TLY)",code_set.php?code=VExZ,https://cee.kerala.gov.in/collegelist/main/code_set.php?code=VExZ,DR.OAJOSEPH,4902307190,principal@cethalassery.ac.in
,,,,,
"InstituteofEngineeringandTechnology,Malappuram(UCC)",code_set.php?code=VUND,https://cee.kerala.gov.in/collegelist/main/code_set.php?code=VUND,DR.SURESANPARETH,4942400223,principal@cuiet.info
,,,,,
"UniversityCollegeofEngineering,Thodupuzha(UCE)",code_set.php?code=VUNF,https://cee.kerala.gov.in/collegelist/main/code_set.php?code=VUNF,GEETHAMMAVG,4862256534,principal@ucet.ac.in
,,,,,
"UniversityCollegeofEngineering,Kariavattom,Thiruvananthapuram(UCK)",code_set.php?code=VUNL,https://cee.kerala.gov.in/collegelist/main/code_set.php?code=VUNL,DRZASAMITHA,4712308874,uceprincipal@yahoo.com
,,,,,
"CollegeofEngineering,Vadakara(VDA)",code_set.php?code=VkRB,https://cee.kerala.gov.in/collegelist/main/code_set.php?code=VkRB,PROF.DR.N.K.NARAYANAN,4962536125,citvcape@gmail.com
,,,,,
"Al-AzharCollegeofEngineeringandTechnology,Idukki(AAE)",code_set.php?code=QUFF,https://cee.kerala.gov.in/collegelist/main/code_set.php?code=QUFF,DR.A.KHARIMKUTTY,4862227944,principalaacet@gmail.com
,,,,,
"Al-AmeenEngineeringCollege,Palakkad(AAP)",code_set.php?code=QUFQ,https://cee.kerala.gov.in/collegelist/main/code_set.php?code=QUFQ,DR.KGEETHA,9946106373,principal@alameencollege.com
,,,,,
"ArchanaCollegeofEngineering,Alappuzha(ACE)",code_set.php?code=QUNF,https://cee.kerala.gov.in/collegelist/main/code_set.php?code=QUNF,-,-,-
,,,,,
"AlbertianInstituteofScienceandTechnology,Kochi(AIK)",code_set.php?code=QUlL,https://cee.kerala.gov.in/collegelist/main/code_set.php?code=QUlL,DR.PHILIPKURIAN,4842540360,principal@aisat.ac.in
,,,,,
"AmalJyothiCollegeofEngineering,Kottayam(AJC)",code_set.php?code=QUpD,https://cee.kerala.gov.in/collegelist/main/code_set.php?code=QUpD,DR.ZVLAKAPARAMPIL,9072661602,principal@amaljyothi.ac.in
,,,,,
"AmminiCollegeofEngineering,Palakkad(AME)",code_set.php?code=QU1F,https://cee.kerala.gov.in/collegelist/main/code_set.php?code=QU1F,DRSURESHKUMARV,4912875204,principal@ammini.edu.in
,,,,,
"AryanetInstituteofTechnology,Palakkad(ANE)",code_set.php?code=QU5F,https://cee.kerala.gov.in/collegelist/main/code_set.php?code=QU5F,DRMRVIKRAMAN,4912832488,dir.acad@aitpalakkad.org
,,,,,
"AdiShankaraInstituteofEngineeringandTechnology,Ernakulam(ASI)",code_set.php?code=QVNJ,https://cee.kerala.gov.in/collegelist/main/code_set.php?code=QVNJ,DRNEELAKANTANPC,4842461933,principal@adishankara.ac.in
,,,,,
"AhaliaSchoolofEngineeringandTechnology,Palakkad(ATP)",code_set.php?code=QVRQ,https://cee.kerala.gov.in/collegelist/main/code_set.php?code=QVRQ,DR.BGVISHNURAM,4923226666,principal.aset@ahalia.edu.in
,,,,,
"AWHEngineeringCollege,Kozhikkode(AWH)",code_set.php?code=QVdI,https://cee.kerala.gov.in/collegelist/main/code_set.php?code=QVdI,DR.SABEENAMV,9446516393,info@awhengg.org
,,,,,
"AxisCollegeofEngineeringandTechnology,Thrissur(AXE)",code_set.php?code=QVhF,https://cee.kerala.gov.in/collegelist/main/code_set.php?code=QVhF,DRDEVARAJJ,4802744504,axisprincipal@gmail.com
,,,,,
"BishopJeromeInstitute,Kollam(BJK)",code_set.php?code=QkpL,https://cee.kerala.gov.in/collegelist/main/code_set.php?code=QkpL,DR.SOOSANJPANICKER,4742764051,susanjpanicker@gmail.com
,,,,,
"BaseliosMathewsIICollegeofEngineering,Kollam(BMC)",code_set.php?code=Qk1D,https://cee.kerala.gov.in/collegelist/main/code_set.php?code=Qk1D,DR.L.PADMASURESH,4762835579,padmasuresh77@gmail.com
,,,,,
"BaseliosThomasICatholicoseCollegeofEngineeringandTechnology,Ernakulam(BTE)",code_set.php?code=QlRF,https://cee.kerala.gov.in/collegelist/main/code_set.php?code=QlRF,DR.TRJERALDBENO,4852275481,principal@btcc.ac.in
,,,,,
"ChristCollegeofEngineering,Thrissur(CCE)",code_set.php?code=Q0NF,https://cee.kerala.gov.in/collegelist/main/code_set.php?code=Q0NF,DR.SAJEEVJOHN,4802825355,sajeevjohn@yahoo.com
,,,,,
"CochinCollegeofEngineeringandTechnology,Malappuram(CCV)",code_set.php?code=Q0NW,https://cee.kerala.gov.in/collegelist/main/code_set.php?code=Q0NW,DRALAVIKUNHUPANTHAKKAN,4942640172,principal@cochincet.ac.in
,,,,,
"CollegeofEngineeringandTechnology,Payyanur(CEN)",code_set.php?code=Q0VO,https://cee.kerala.gov.in/collegelist/main/code_set.php?code=Q0VO,DR.YAJNHESWARANB,4985279842,yajneshholla@gmail.com
,,,,,
"CochinInstituteofScienceandTechnology,Ernakulam(CIM)",code_set.php?code=Q0lN,https://cee.kerala.gov.in/collegelist/main/code_set.php?code=Q0lN,DRSRDEEPA,4852877444,principal.cisat@gmail.com
,,,,,
"ChristKnowledgeCity,Ernakulam(CKC)",code_set.php?code=Q0tD,https://cee.kerala.gov.in/collegelist/main/code_set.php?code=Q0tD,DR.MRAJARAMNARAYANAN,4842652600,city@christknowledgecity.com
,,,,,
"CarmelCollegeofEngineeringandTechnology,Alappuzha(CMA)",code_set.php?code=Q01B,https://cee.kerala.gov.in/collegelist/main/code_set.php?code=Q01B,DR.PAULKMATHEW,4772287240,principalcccet@gmail.com
,,,,,
"BelieversChurchCaarmelEngineeringCollege,Pathanamthitta(CML)",code_set.php?code=Q01M,https://cee.kerala.gov.in/collegelist/main/code_set.php?code=Q01M,DR.A.G.MATHEW,4735240990,ag.mathew@bccaarmel.ac.in
,,,,,
"M.DasanInstituteofTechnology,Kozhikode(DMC)",code_set.php?code=RE1D,https://cee.kerala.gov.in/collegelist/main/code_set.php?code=RE1D,DRPMMAHEESAN,4962664700,mdit_college@rediffmail.com
,,,,,
"SreeErnakulathappanCollegeofEngineeringandManagement,Thrissur(ECE)",code_set.php?code=RUNF,https://cee.kerala.gov.in/collegelist/main/code_set.php?code=RUNF,DR.JOHNK.THOMAS,4802781898,ernakulathappantrust@gmail.com
,,,,,
"EranadKnowledgeCityTechnicalCampus,Malappuram(EKC)",code_set.php?code=RUtD,https://cee.kerala.gov.in/collegelist/main/code_set.php?code=RUtD,DR.BPRIESTLYSHAN,4833013613,principal.ekctc@eranadknowledgecity.com
,,,,,
"FederalInstituteofScienceandTechnology,Ernakulam(FIT)",code_set.php?code=RklU,https://cee.kerala.gov.in/collegelist/main/code_set.php?code=RklU,DR.GEORGEISSAC,4842725272,mail@fisat.ac.in
,,,,,
"FocusInstituteofScienceandTechnology,Thrissur(FOP)",code_set.php?code=Rk9Q,https://cee.kerala.gov.in/collegelist/main/code_set.php?code=Rk9Q,DR.JOBIVPAUL,4872207500,focustechnicalcampus@gmail.com
,,,,,
"GurudevaInstituteofScienceandTechnology,Kottayam(GIT)",code_set.php?code=R0lU,https://cee.kerala.gov.in/collegelist/main/code_set.php?code=R0lU,DR.JUSTINJOSET,4812354800,justoutjose@gmail.com
,,,,,
"KRGouriAmmaCollegeofEngineering,Alappuzha(GWE)",code_set.php?code=R1dF,https://cee.kerala.gov.in/collegelist/main/code_set.php?code=R1dF,DR.RRADHAKRISHNAN,4782560700,info.krgce@gmail.com
,,,,,
"HeeraCollegeofEngineeringandTechnology,Thiruvananthapuram(HCE)",code_set.php?code=SENF,https://cee.kerala.gov.in/collegelist/main/code_set.php?code=SENF,DR.T.RUBANDEVAPRAKASH,4722867101,principal@hcet.in
,,,,,
"HolyGraceAcademyofEngineering,Thrissur(HGW)",code_set.php?code=SEdX,https://cee.kerala.gov.in/collegelist/main/code_set.php?code=SEdX,DR.M.D.SREEKUMAR,4802695050,hgw.principal@gmail.com
,,,,,
"HolyKingsCollegeofEngineeringandTechnology,Ernakulam(HKC)",code_set.php?code=SEtD,https://cee.kerala.gov.in/collegelist/main/code_set.php?code=SEtD,DRTKMANI,4852274456,principal@holykingscollege.com
,,,,,
"HindustanCollegeofEngineering,Kollam(HKE)",code_set.php?code=SEtF,https://cee.kerala.gov.in/collegelist/main/code_set.php?code=SEtF,DR.RAJAIKUMARMEPHD,8825600260,eeeccctech@gmail.com
,,,,,
"IlahiaCollegeofEngineeringandTechnology,Ernakulam(ICE)",code_set.php?code=SUNF,https://cee.kerala.gov.in/collegelist/main/code_set.php?code=SUNF,PROF.DR.M.MOHAMEDSITHEEQ,4852865000,principal@icet.ac.in
,,,,,
"IlahiaSchoolofScienceandTechnology,Muvattupuzha(ICT)",code_set.php?code=SUNU,https://cee.kerala.gov.in/collegelist/main/code_set.php?code=SUNU,DR.ABHIRAJT.K,4852814603,issatmpz@gmail.com
,,,,,
"IESCollegeofEngineering,Thrissur(IES)",code_set.php?code=SUVT,https://cee.kerala.gov.in/collegelist/main/code_set.php?code=SUVT,DRSBRILLYSANGEETHA,4872309966,iesce.2003@gmail.com
,,,,,
"IndiraGandhiInstituteofEngineeringandTechnology,Ernakulam(IGW)",code_set.php?code=SUdX,https://cee.kerala.gov.in/collegelist/main/code_set.php?code=SUdX,DR.N.K.VARGHESE,4852827740,principal@iiet.org.in
,,,,,
"ILMCollegeofEngineeringandTechnology,Perumbavoor(ILE)",code_set.php?code=SUxF,https://cee.kerala.gov.in/collegelist/main/code_set.php?code=SUxF,PROF.DR.GIRIDASK.L.,4842597904,principalilmcet@gmail.com
,,,,,
"JaiBharathCollegeofManagementandEngineeringTechnology,Ernakulam(JBT)",code_set.php?code=SkJU,https://cee.kerala.gov.in/collegelist/main/code_set.php?code=SkJU,DR.ABHILASHK.S.,9400537747,dr.abhilashks@gmail.com
,,,,,
"JawaharlalCollegeofEngineeringandTechnology,Palakkad(JCE)",code_set.php?code=SkNF,https://cee.kerala.gov.in/collegelist/main/code_set.php?code=SkNF,DRVPSUKUMARANNAIR,4662344800,jcetncerc@gmail.com
,,,,,
"JyothiEngineeringCollege,Thrissur(JEC)",code_set.php?code=SkVD,https://cee.kerala.gov.in/collegelist/main/code_set.php?code=SkVD,DR.JAISONPAUL,4884259255,principal@jecc.ac.in
,,,,,
"JohnCoxMemorialCSIInstituteofTechnology,Thiruvananthapuram(JIT)",code_set.php?code=SklU,https://cee.kerala.gov.in/collegelist/main/code_set.php?code=SklU,PROF.DR.P.BALACHANDRAN,9446102437,principal@jcmcsiit.ac.in
,,,,,
"KottayamInstituteofTechnologyandScience,Kottayam(KIT)",code_set.php?code=S0lU,https://cee.kerala.gov.in/collegelist/main/code_set.php?code=S0lU,DR.M.KATHIRVEL,4812704700,kits.admn@gmail.com
,,,,,
"KMCTCollegeofEngineering,Kozhikode(KMC)",code_set.php?code=S01D,https://cee.kerala.gov.in/collegelist/main/code_set.php?code=S01D,DR.PJANARDHANAN,4952289099,janardhananpanath@gmail.com
,,,,,
"KMEAEngineeringCollege,Cochin(KME)",code_set.php?code=S01F,https://cee.kerala.gov.in/collegelist/main/code_set.php?code=S01F,DRAMARNISHADTM,4842411005,principal@kmeacollege.ac.in
,,,,,
"KMPCollegeofEngineering,Ernakulam(KMP)",code_set.php?code=S01Q,https://cee.kerala.gov.in/collegelist/main/code_set.php?code=S01Q,DR.SSENTHILKUMAR,4842650400,principal@kmpce.org
,,,,,
"KMCTCollegeofEngineeringforWomen,Kozhikode(KMW)",code_set.php?code=S01X,https://cee.kerala.gov.in/collegelist/main/code_set.php?code=S01X,DR.ELIZABETHCKURUVILLA,4952520952,elizaatm@yahoo.com
,,,,,
"KVMCollegeofEngineeringandInformationTechnology,Alappuzha(KVE)",code_set.php?code=S1ZF,https://cee.kerala.gov.in/collegelist/main/code_set.php?code=S1ZF,DRSVMURUGAPRASAD,4782811080,kvmceit@gmail.com
,,,,,
"LourdesMathaCollegeofScienceandTechnology,Thiruvananthapuram(LMC)",code_set.php?code=TE1D,https://cee.kerala.gov.in/collegelist/main/code_set.php?code=TE1D,DR.V.SYAMPRAKASH,4722853550,principal@lmcst.ac.in
,,,,,
"MarBaseliosChristianCollegeofEngineeringandTechnology,Idukki(MBC)",code_set.php?code=TUJD,https://cee.kerala.gov.in/collegelist/main/code_set.php?code=TUJD,DR.PRADEEPC,4869233578,principal@mbcpeermade.com
,,,,,
"MarBaseliosInstituteofTechnologyandScience,Ernakulam(MBI)",code_set.php?code=TUJJ,https://cee.kerala.gov.in/collegelist/main/code_set.php?code=TUJJ,DR.PSOJANLAL,4852837806,principal@mbits.edu.in
,,,,,
"MarBaseliosCollegeofEngineeringandTechnology,Thiruvananthapuram(MBT)",code_set.php?code=TUJU,https://cee.kerala.gov.in/collegelist/main/code_set.php?code=TUJU,DRTMGEORGE,4712545869,principal@mbcet.ac.in
,,,,,
"MusaliarCollegeOfEngineering,Thiruvananthapuram(MCC)",code_set.php?code=TUND,https://cee.kerala.gov.in/collegelist/main/code_set.php?code=TUND,DR.C.SAM,4702640605,principal@musaliarcollegeckl.in
,,,,,
"MarianEngineeringCollege,Thiruvananthapuram(MCE)",code_set.php?code=TUNF,https://cee.kerala.gov.in/collegelist/main/code_set.php?code=TUNF,DRRUBYABRAHAM,2707111,principal@marian.ac.in
,,,,,
"MusaliarCollegeofEngineeringandTechnology,Pathanamthitta(MCK)",code_set.php?code=TUNL,https://cee.kerala.gov.in/collegelist/main/code_set.php?code=TUNL,DR.CHITHRAPRASADD,4682301703,principal@musaliarcollege.com
,,,,,
"MohandasCollegeofEngineeringandTechnology,Thiruvananthapuram(MCT)",code_set.php?code=TUNU,https://cee.kerala.gov.in/collegelist/main/code_set.php?code=TUNU,DR.SSHEELA,4722813039,principal@mcetonline.com
,,,,,
"MEAEngineeringCollege,Vengoor(MEA)",code_set.php?code=TUVB,https://cee.kerala.gov.in/collegelist/main/code_set.php?code=TUVB,DR.RAJINM.LINUS,4933277556,principal@meaec.edu.in
,,,,,
"MalabarCollegeofEngineeringandTechnology,Thrissur(MEC)",code_set.php?code=TUVD,https://cee.kerala.gov.in/collegelist/main/code_set.php?code=TUVD,DR.V.NANDANAN,4884280803,malabarcet@gmail.com
,,,,,
"MESCollegeofEngineeringandTechnology,Ernakulam(MEE)",code_set.php?code=TUVF,https://cee.kerala.gov.in/collegelist/main/code_set.php?code=TUVF,DR.ATMARAMP,4842573211,principal@mescet.ac.in
,,,,,
"MESInstituteofTechnologyandManagement,Kollam(MEK)",code_set.php?code=TUVL,https://cee.kerala.gov.in/collegelist/main/code_set.php?code=TUVL,DR.M.JAYARAJU,4742590700,principal@mesitam.ac.in
,,,,,
"MESCollegeofEngineering,Kuttippuram(MES)",code_set.php?code=TUVT,https://cee.kerala.gov.in/collegelist/main/code_set.php?code=TUVT,DR.A.S.VARADARAJAN,4943051111,principal@mesce.ac.in
,,,,,
"MetsSchoolofEngineering,Thrissur(MET)",code_set.php?code=TUVU,https://cee.kerala.gov.in/collegelist/main/code_set.php?code=TUVU,DR.PSURESHVENUGOPAL,4802897337,mets_engg@rediffmail.com
,,,,,
"MGCollegeofEngineering,Thiruvananthapuram(MGC)",code_set.php?code=TUdD,https://cee.kerala.gov.in/collegelist/main/code_set.php?code=TUdD,DR.SUJIN.P.R,4712383747,mgcet2011@gmail.com
,,,,,
"MGMCollegeofEngineering&Technology,Ernakulam(MGE)",code_set.php?code=TUdF,https://cee.kerala.gov.in/collegelist/main/code_set.php?code=TUdF,PROF.KUABRAHAM,4852274456,mail@mgmcet.ac.in
,,,,,
"SaintgitsCollegeofEngineering,Kottayam(MGP)",code_set.php?code=TUdQ,https://cee.kerala.gov.in/collegelist/main/code_set.php?code=TUdQ,DRMDMATHEW,4812436169,principalce@saintgits.org
,,,,,
"ACECollegeOfEngineering,Thiruvananthapuram(MHP)",code_set.php?code=TUhQ,https://cee.kerala.gov.in/collegelist/main/code_set.php?code=TUhQ,DR.FARRUKHSAYEED,4717117788,principal@acetvm.com
,,,,,
"MookambikaTechnicalCampus,Ernakulam(MKE)",code_set.php?code=TUtF,https://cee.kerala.gov.in/collegelist/main/code_set.php?code=TUtF,-,-,-
,,,,,
"MangalamCollegeofEngineering,Kottayam(MLM)",code_set.php?code=TUxN,https://cee.kerala.gov.in/collegelist/main/code_set.php?code=TUxN,DR.JMMATHANAMEPHD,4812533722,info@mangalam.in
,,,,,
"MalabarInstituteofTechnology,Kannur(MLT)",code_set.php?code=TUxU,https://cee.kerala.gov.in/collegelist/main/code_set.php?code=TUxU,DRCSORNACHANDRADEVADASS,4972855005,mit@anjarakandy.in
,,,,,
"MathaCollegeofTechnology,Ernakulam(MTA)",code_set.php?code=TVRB,https://cee.kerala.gov.in/collegelist/main/code_set.php?code=TVRB,DR.JANAHANLAL.P.S,4842672291,principal@mathacollege.in
,,,,,
"MuslimAssociationCollegeofEngineering,Thiruvananthapuram(MUS)",code_set.php?code=TVVT,https://cee.kerala.gov.in/collegelist/main/code_set.php?code=TVVT,DR.ALEXRAJJUBALAN,4722871786,principal@macev.org
,,,,,
"MuthootInstituteofTechnologyandScience,Ernakulam(MUT)",code_set.php?code=TVVU,https://cee.kerala.gov.in/collegelist/main/code_set.php?code=TVVU,DR.CHIKKUABRAHAM,4842732100,principal@mgits.ac.in
,,,,,
"MountZionCollegeofEngineering,Pathanamthitta(MZC)",code_set.php?code=TVpD,https://cee.kerala.gov.in/collegelist/main/code_set.php?code=TVpD,PROF.DR.K.MATHEW,4682217425,mathewk07@gmail.com
,,,,,
"MountZionInstituteofScienceandTechnology,Alappuzha(MZW)",code_set.php?code=TVpX,https://cee.kerala.gov.in/collegelist/main/code_set.php?code=TVpX,DRASIVASUBRAMANIAN,4792369432,mountzionwomen@ktu.edu.in
,,,,,
"NehruCollegeofEngineeringandResearchCentre,Thrissur(NCE)",code_set.php?code=TkNF,https://cee.kerala.gov.in/collegelist/main/code_set.php?code=TkNF,DR.AMBIKADEVIAMMAT,4884284000,principal@ncerc.ac.in
,,,,,
"NirmalaCollegeofEngineering,Thirissur(NIE)",code_set.php?code=TklF,https://cee.kerala.gov.in/collegelist/main/code_set.php?code=TklF,DR.SURENDRANA,4872201195,ammanath@yahoo.com
,,,,,
"NorthMalabarInstituteofTechnology,Kasaragod(NML)",code_set.php?code=Tk1M,https://cee.kerala.gov.in/collegelist/main/code_set.php?code=Tk1M,DR.VIJEESHVIJAYAN,4672244801,principal@nmitkerala.ac.in
,,,,,
"PAAzizCollegeofEngineeringandTechnology,Thiruvananthapuram(PAA)",code_set.php?code=UEFB,https://cee.kerala.gov.in/collegelist/main/code_set.php?code=UEFB,-,-,-
,,,,,
"PrimeCollegeofEngineering,Palakkad(PCE)",code_set.php?code=UENF,https://cee.kerala.gov.in/collegelist/main/code_set.php?code=UENF,DR.S.I.MANJURBASHA,4912571118,primecollegeofengineering@gmail.com
,,,,,
"PankajakasthuriCollegeofEngineeringandTechnology,Thiruvananthapuram(PKE)",code_set.php?code=UEtF,https://cee.kerala.gov.in/collegelist/main/code_set.php?code=UEtF,-,-,-
,,,,,
"PinnacleSchoolofEngineeringandTechnology,Kollam(PNC)",code_set.php?code=UE5D,https://cee.kerala.gov.in/collegelist/main/code_set.php?code=UE5D,DR.THYAGARAJAN,4752273300,info@pinnacle.ac.in
,,,,,
"ProvidenceCollegeofEngineering,Chengannur(PRC)",code_set.php?code=UFJD,https://cee.kerala.gov.in/collegelist/main/code_set.php?code=UFJD,DRSANTHOSHPMATHEW,4792451084,santhosh.m@providencecollege.org
,,,,,
"PRSCollegeofEngineeringandTechnology,Thiruvananthapuram(PRS)",code_set.php?code=UFJT,https://cee.kerala.gov.in/collegelist/main/code_set.php?code=UFJT,DR.RAVEENDRANPILLAIB,4712257160,prs.principal@yahoo.in
,,,,,
"RoyalCollegeofEngineeringandTechnology,Thrissur(RCE)",code_set.php?code=UkNF,https://cee.kerala.gov.in/collegelist/main/code_set.php?code=UkNF,DR.SPSUBRAMANIAN,4885289009,principal@royalcet.ac.in
,,,,,
"RajagiriSchoolofEngineeringandTechnology,Ernakulam(RET)",code_set.php?code=UkVU,https://cee.kerala.gov.in/collegelist/main/code_set.php?code=UkVU,DR.A.UNNIKRISHNAN,4842660999,office@rajagiritech.edu.in
,,,,,
"RajadhaniInstituteofEngineeringandTechnology,Thiruvananthapuram(RIE)",code_set.php?code=UklF,https://cee.kerala.gov.in/collegelist/main/code_set.php?code=UklF,DR.RSATHIKUMAR,7025177773,principal@riet.edu.in
,,,,,
"SreeBuddhaCollegeofEngineering,Alappuzha(SBC)",code_set.php?code=U0JD,https://cee.kerala.gov.in/collegelist/main/code_set.php?code=U0JD,DR.SSURESHBABU,4792375440,drssbtkm@gmail.com
,,,,,
"SreeBuddhaCollegeofEngineering,Pathanamthitta(SBW)",code_set.php?code=U0JX,https://cee.kerala.gov.in/collegelist/main/code_set.php?code=U0JX,DRSOMISEBASTIAN,4682258100,somiseb@gmail.com
,,,,,
"SCMSSchoolofEngineeringandTechnology,Ernakulam(SCM)",code_set.php?code=U0NN,https://cee.kerala.gov.in/collegelist/main/code_set.php?code=U0NN,DR.PRAVEENSALCJ,4842450507,praveensal@scmsgroup.org
,,,,,
"St.GregoriosCollegeofEngineering,Kasargod(SGP)",code_set.php?code=U0dQ,https://cee.kerala.gov.in/collegelist/main/code_set.php?code=U0dQ,-,-,-
,,,,,
"SadguruSwamiNithyanandaInsitituteofTechnology,Kasaragod(SGT)",code_set.php?code=U0dU,https://cee.kerala.gov.in/collegelist/main/code_set.php?code=U0dU,DRBNSHANTHAPRIYA,4672200602,drshanthapriya@gmail.com
,,,,,
"ShahulHameedMemorialEngineeringCollege,Kollam(SHM)",code_set.php?code=U0hN,https://cee.kerala.gov.in/collegelist/main/code_set.php?code=U0hN,DRMORRISC,4742424900,shmenggcollege@gmail.com
,,,,,
"SahrdayaCollegeofEngineeringandTechnology,Thrissur(SHR)",code_set.php?code=U0hS,https://cee.kerala.gov.in/collegelist/main/code_set.php?code=U0hS,DR.NIXONKURUVILA,4802759275,principal@sahrdaya.ac.in
,,,,,
"SarabhaiInstituteofScienceandTechnology,Thiruvananthapuram(SIT)",code_set.php?code=U0lU,https://cee.kerala.gov.in/collegelist/main/code_set.php?code=U0lU,DR.G.PAVITHRAN,4722884448,drgpavithran@gmail.com
,,,,,
"StJosephsCollegeofEngineeringandTechnology,Palai(SJC)",code_set.php?code=U0pD,https://cee.kerala.gov.in/collegelist/main/code_set.php?code=U0pD,DR.J.DAVID,4822239777,principal@sjcetpalai.ac.in
,,,,,
"SreeNarayanaGuruCollegeofEngineeringandTechnology,Kannur(SNC)",code_set.php?code=U05D,https://cee.kerala.gov.in/collegelist/main/code_set.php?code=U05D,DR.V.KJANARDANAN,4985201987,principal.sngcet@gmail.com
,,,,,
"SreeNarayanaGurukulamCollegeofEngineering,Ernakulam(SNG)",code_set.php?code=U05H,https://cee.kerala.gov.in/collegelist/main/code_set.php?code=U05H,DR.KEMTHOSEPPAUL,4842597801,principal.sngce@gmail.com
,,,,,
"SNMInstituteofManagementandTechnology,Ernakulam(SNM)",code_set.php?code=U05N,https://cee.kerala.gov.in/collegelist/main/code_set.php?code=U05N,DR.SURESHKUMARV,4842484142,info@snmimt.edu.in
,,,,,
"SreeNarayanaInstituteofTechnology,Adoor(SNP)",code_set.php?code=U05Q,https://cee.kerala.gov.in/collegelist/main/code_set.php?code=U05Q,DR.J.GEORGECHELLINCHANDRAN,4734244700,principal@snit.edu.in
,,,,,
"SreeNarayanaGuruInstituteofScienceandTechnology,Ernakulam(SNT)",code_set.php?code=U05U,https://cee.kerala.gov.in/collegelist/main/code_set.php?code=U05U,DR.SIVANANDAN.M.,4842887000,drsiva@sngist.org
,,,,,
"0SreepathyInstituteofManagementandTechnology,Palakkad(SPT)",code_set.php?code=U1BU,https://cee.kerala.gov.in/collegelist/main/code_set.php?code=U1BU,DR.KKBABU,4662371400,principal@simat.ac.in
,,,,,
"1StThomasColllegeofEngineeringandTechnology,Alappuzha(STC)",code_set.php?code=U1RD,https://cee.kerala.gov.in/collegelist/main/code_set.php?code=U1RD,DR.SANTHOSHSIMON,4792369994,info@stcet.net
,,,,,
"2St.ThomasInstituteForScienceandTechnology,Thiruvananthapuram(STI)",code_set.php?code=U1RJ,https://cee.kerala.gov.in/collegelist/main/code_set.php?code=U1RJ,DR.USHATHOMAS,4712410641,principal.stist@gmail.com
,,,,,
"3St.ThomasCollegeofEngineeringandTechnology,Kannur(STM)",code_set.php?code=U1RN,https://cee.kerala.gov.in/collegelist/main/code_set.php?code=U1RN,DRSHINUMATHEWJOHN,4902401700,stthomaskannur@gmail.com
,,,,,
"4TomsCollegeofEngineeringforStartups,Kottayam(TCE)",code_set.php?code=VENF,https://cee.kerala.gov.in/collegelist/main/code_set.php?code=VENF,DR.KHARIHARAN,4812545659,principal@toms.ac.in
,,,,,
"5TrinityCollegeofEngineering,Thiruvananthapuram(TCT)",code_set.php?code=VENU,https://cee.kerala.gov.in/collegelist/main/code_set.php?code=VENU,DR.ARUNSURENDRAN,9495270615,principal@thetrinitycollege.in
,,,,,
"6TravancoreEngineeringCollege,Kollam(TEC)",code_set.php?code=VEVD,https://cee.kerala.gov.in/collegelist/main/code_set.php?code=VEVD,-,-,-
,,,,,
"7ThejusEngineeringCollege,Thrissur(TJE)",code_set.php?code=VEpF,https://cee.kerala.gov.in/collegelist/main/code_set.php?code=VEpF,DRKSATHEESHKUMAR,8943537434,thejusengg@gmail.com
,,,,,
"8TKMInstituteofTechnology,Kollam(TKI)",code_set.php?code=VEtJ,https://cee.kerala.gov.in/collegelist/main/code_set.php?code=VEtJ,PROF.DR.MOHAMEDSHAMEEMP,4742482833,principal@tkmit.ac.in
,,,,,
"9TocHInstituteofScienceandTechnology,Ernakulam(TOC)",code_set.php?code=VE9D,https://cee.kerala.gov.in/collegelist/main/code_set.php?code=VE9D,DRPREETHITHEKKATH,4842749600,principal@tistcochin.edu.in
,,,,,
"0UKFCollegeofEngineeringandTechnology,Kollam(UKP)",code_set.php?code=VUtQ,https://cee.kerala.gov.in/collegelist/main/code_set.php?code=VUtQ,DR.E.GOPALAKRISHNASARMA,4742577958,ukfindia@gmail.com
,,,,,
"1UniversalEngineeringCollege,Thrissur(UNT)",code_set.php?code=VU5U,https://cee.kerala.gov.in/collegelist/main/code_set.php?code=VU5U,DR.TPRAMACHANDRAN,4802863777,principal@uec.ac.in
,,,,,
"2VidyaAcademyofScienceandTechnology,Thiruvananthapuram(VAK)",code_set.php?code=VkFL,https://cee.kerala.gov.in/collegelist/main/code_set.php?code=VkFL,DR.TMATHAVRAJRAVIKUMAR,4702649574,principal@vidyatcklmr.ac.in
,,,,,
"3VidyaAcademyofScienceandTechnology,Thrissur(VAS)",code_set.php?code=VkFT,https://cee.kerala.gov.in/collegelist/main/code_set.php?code=VkFT,DR.SAJIC.B,4885287751,principal@vidyaacademy.ac.in
,,,,,
"4VijnanInstituteofScienceandTechnology,Ernakulam(VIT)",code_set.php?code=VklU,https://cee.kerala.gov.in/collegelist/main/code_set.php?code=VklU,DRKPRASADH,4852259999,principal@visat.ac.in
,,,,,
"5ViswajyothiCollegeofEngineeringandTechnology,Ernakulam(VJC)",code_set.php?code=VkpD,https://cee.kerala.gov.in/collegelist/main/code_set.php?code=VkpD,DR.JOSEPHKUNJUPAULC,4852262211,principal@vjcet.org
,,,,,
"6ValiaKoonambaikulathammaCollegeofEngineeringandTechnology,Parippally(VKE)",code_set.php?code=VktF,https://cee.kerala.gov.in/collegelist/main/code_set.php?code=VktF,DR.TGANSALAMRAJ,4702665223,vksbkt2008@gmail.com
,,,,,
"7VimalJyothiEngineeringCollege,Kannur(VML)",code_set.php?code=Vk1M,https://cee.kerala.gov.in/collegelist/main/code_set.php?code=Vk1M,DR.BENNYJOSEPH,4602213512,bennyjoseph@vjec.ac.in
,,,,,
"8SriVellappallyNatesanCollegeofEngineering,Alappuzha(VPE)",code_set.php?code=VlBF,https://cee.kerala.gov.in/collegelist/main/code_set.php?code=VlBF,DR.H.GANESAN,4792331696,svnce@yahoo.in
,,,,,
"9VedaVyasaInstituteofTechnology,Malappuram.(VVT)",code_set.php?code=VlZU,https://cee.kerala.gov.in/collegelist/main/code_set.php?code=VlZU,DR.R.VIJAYAKUMAR,4832832157,principal@vedavyasa.org
,,,,,
"0YounusCollegeofEngineeringandTechnology,Kollam(YCE)",code_set.php?code=WUNF,https://cee.kerala.gov.in/collegelist/main/code_set.php?code=WUNF,DR.P.SREERAJ,4742724305,info@ycet.ac.in
,,,,,
"1YounusInstituteofTechnology,Kannanalloor(YCK)",code_set.php?code=WUNL,https://cee.kerala.gov.in/collegelist/main/code_set.php?code=WUNL,DR.PBABUAURTHERSON,4742561492,pbaurtherson@gmail.com
,,,,,
"2YounusCollegeofEngineering,Kollam(YCW)",code_set.php?code=WUNX,https://cee.kerala.gov.in/collegelist/main/code_set.php?code=WUNX,DRPRAVEENKUMARBT,4742408863,principalyce@gmai.com
